{
  "baseline": {"n":1000,"p":3,"V":[0.2041317523,0.1251764894,0.06878825277,0.02304648422,0.1772167981,0.0980925858,0.04581668228,0.08546739817,0.1552531272,0.1391094625,0.09137035161,0.03893226758,0.07329396904,0.1365202218,0.0658621192,0.02831591293,0.0591289252,0.07667548209,0.09426245838,0.1595737636,0.06358011812,0.06496500969,0.06937778741,0.05608333275,0.04523384199,0.05634038523,0.03411090001,0.04635890201,0.1051228568,0.03078008257,0.03011718579,0.04766735807,0.02449597605,0.1102432311,0.0673301518,0.2199576348,0.0742148757,0.08372284472,0.05989593267,0.2149306834,0.04825331643,0.07022707164,0.1347812116,0.0157920029,0.05690719187,0.01558545418,0.03766840696,0.03213657439,0.02944920585,0.04456270859,0.1275361776,0.03933056816,0.1724193543,0.08250802755,0.06887641549,0.1672750115,0.03888742253,0.01690952107,0.04197034612,0.1133426577,0.09068255872,0.06060068309,0.06405258179,0.1559122056,0.04665786028,0.05198157951,0.1142899022,0.05311190337,0.06099758297,0.08005139232,0.01349745505,0.0463912636,0.02990654111,0.03663586825,0.02053218894,0.2219907343,0.08256366104,0.01481923368,0.05291317776,0.1168857515,0.108894445,0.1263332963,0.04417603835,0.03908605501,0.07322842628,0.1787491292,0.02012312785,0.1376357377,0.1241713166,0.07787755132,0.06044663116,0.07874462754,0.1913833469,0.02844196372,0.07059925795,0.02296359651,0.02911589481,0.16421175,0.1281151175,0.168558076,0.1713432521,0.0495387502,0.07648226619,0.02937248535,0.09861247241,0.09219730645,0.03315223381,0.09377784282,0.04400011525,0.1322289705,0.1493998766,0.05144485086,0.1157987863,0.08470290154,0.02223044634,0.01710296981,0.08402386308,0.08991203457,0.1539628208,0.2265565544,0.0796719566,0.05583691597,0.06034508348,0.04420061037,0.02036850713,0.04606305435,0.1084411219,0.09239668399,0.09140393138,0.2197428495,0.09248891473,0.2269824594,0.06959679723,0.07956574857,0.07831876725,0.0357612893,0.03598700464,0.0378071852,0.1143319309,0.06548908353,0.01082693972,0.1326839179,0.03735131025,0.09924526513,0.06859339774,0.08953777701,0.1603619009,0.09920362383,0.06763084978,0.07097509503,0.03387896717,0.2391201556,0.1023000628,0.06870406866,0.04647813365,0.0558905527,0.06513527781,0.1414975375,0.2020401359,0.1742229462,0.05051587895,0.2431717366,0.02494319528,0.1073536575,0.2493459582,0.02125006914,0.1197567359,0.04996382445,0.1223817989,0.0583858043,0.02772269025,0.1186592132,0.0579412356,0.05329700559,0.09793160111,0.03357569501,0.04197533056,0.09846737981,0.1452621371,0.05103388056,0.06447234005,0.08810469508,0.02112437785,0.07936174423,0.2066181898,0.06356456876,0.008685695939,0.07879991829,0.03275134042,0.03253182396,0.01750953682,0.05187770352,0.1235918775,0.1298412681,0.1318179965,0.08211456239,0.04195663705,0.1305017769,0.05958388373,0.02725947835,0.05176278204,0.1213940307,0.03552387282,0.01722894609,0.2499047965,0.07795456052,0.08423171937,0.03112546168,0.08687563986,0.03909579292,0.0196980983,0.03664820269,0.07404280454,0.06713734567,0.09858472645,0.0357866995,0.08056071401,0.02987610176,0.08294507116,0.03888147324,0.04827879369,0.181292817,0.03215717897,0.01651877351,0.1376515627,0.01680061966,0.05173119903,0.02780580148,0.05340037122,0.0537157692,0.0650651902,0.2307827175,0.09552051872,0.04588449746,0.02102847025,0.01792614721,0.01573727094,0.07803825289,0.1092679277,0.2191791683,0.03304880485,0.08507420868,0.02197349258,0.02324961871,0.1274788678,0.0339198783,0.1627557725,0.08951479942,0.09931498021,0.1323132068,0.04597000033,0.06977628171,0.01876248047,0.09359643608,0.1113462076,0.1308522522,0.1424898058,0.1044757813,0.05094134435,0.04977536201,0.04365555197,0.1105916724,0.05190590024,0.1553949416,0.08831740916,0.02250129543,0.04598113149,0.01954206638,0.007139916532,0.09782837331,0.04112296924,0.08638250828,0.1188640222,0.04893792421,0.1118415296,0.1107546613,0.01892131381,0.2449996769,0.04057977349,0.04579263926,0.1292441636,0.07157384604,0.05256152153,0.02059446461,0.03705592081,0.02391767129,0.02716564946,0.05535519496,0.07921322435,0.08358186483,0.05584145337,0.07044935971,0.04439286143,0.05240729824,0.1756821424,0.1349115968,0.02375514992,0.1275585145,0.05863771215,0.1170899197,0.1063942239,0.07606645674,0.03901662305,0.1099118814,0.2203286737,0.0295331534,0.04039941728,0.07293637097,0.1028367728,0.1483514607,0.0982824266,0.07233127207,0.08149612695,0.1150948033,0.05608807877,0.07884937525,0.1930579394,0.2421457916,0.03292788565,0.06352154911,0.1296132654,0.08208604902,0.05518308654,0.06513787061,0.005299145821,0.05508818477,0.1245341077,0.06481219828,0.2333777696,0.1045383587,0.09587818384,0.1762800664,0.0252090469,0.05339410529,0.04855567589,0.03409396857,0.07873091102,0.01183476299,0.04544641823,0.08833888173,0.07274538279,0.07919489592,0.06168404222,0.03956250101,0.08203915507,0.1294680834,0.03949903697,0.1587714851,0.2133318931,0.1003305465,0.02134315297,0.109465301,0.09572312981,0.02700332925,0.01708402485,0.0125310244,0.08577058464,0.01253653504,0.06068686396,0.1105876938,0.2207712084,0.1473780572,0.03671950474,0.1001680791,0.09353800863,0.01037721429,0.1311667562,0.09190633148,0.06261537224,0.0598103106,0.09498216212,0.03419298306,0.02809548192,0.03154698387,0.1022848114,0.0450710468,0.0399677977,0.01914571598,0.06648552418,0.07424503565,0.01217117254,0.09256093204,0.1517109424,0.0482327491,0.08741028607,0.01958163828,0.0501341708,0.0931378603,0.04527396336,0.06874036789,0.2398622483,0.09995336086,0.03755527362,0.07043728977,0.0768071115,0.2367948145,0.1266674101,0.03871985525,0.1576977968,0.0269167535,0.014982027,0.1058179289,0.1126164943,0.03667731956,0.1872308403,0.1638197154,0.1042189971,0.08461678773,0.1520168334,0.05650040507,0.1048068926,0.1805937737,0.03920900449,0.02323318645,0.04275525734,0.03602462634,0.1953475922,0.04171390086,0.03887277097,0.01866232231,0.08810965717,0.07328850776,0.2160039544,0.0233512111,0.2343515009,0.1844872534,0.1197213605,0.06998427957,0.1043411419,0.04294857755,0.058226794,0.1065257713,0.05513493717,0.01981830411,0.2077639401,0.05391535163,0.05651956052,0.02179457061,0.03159675375,0.1388694942,0.03116214275,0.02602880448,0.03935948387,0.03065428697,0.03489622101,0.1210904568,0.04808514193,0.0762745291,0.100553669,0.04513396695,0.05391234905,0.04363959283,0.01679030992,0.02535220236,0.2162333876,0.02937558852,0.04975301772,0.01714461111,0.09213348478,0.07941054553,0.04538298398,0.0776470378,0.1062694788,0.07982639223,0.0437169373,0.1073992476,0.02233946696,0.07802574337,0.04956632107,0.07516893744,0.08732133359,0.05777586624,0.2261455208,0.1554712802,0.191684559,0.08838301152,0.05225878581,0.05276319385,0.07174985856,0.05572865903,0.0293151103,0.04835741967,0.1039298773,0.1158498228,0.1081451327,0.07266620547,0.05512068793,0.1957774907,0.07192154229,0.203158766,0.07022151351,0.03409563005,0.04824798182,0.1055992022,0.07618931681,0.0662791729,0.1520508975,0.1086450443,0.06098990887,0.1291714758,0.01285472885,0.03868126124,0.04659264162,0.05317145959,0.09988536686,0.03942438588,0.04072093964,0.08585695922,0.04169389978,0.2247949541,0.06835863739,0.04157123715,0.08456884325,0.01696612686,0.02434312738,0.04562027752,0.1173098609,0.03271321952,0.1416935027,0.130882144,0.04935658351,0.009910746478,0.1230637059,0.1304265708,0.02457025461,0.03211240843,0.108199954,0.06332928687,0.08660654724,0.1237986758,0.1221540421,0.1014507934,0.02516097203,0.05828643218,0.09066706151,0.1624913812,0.0566960834,0.1461117715,0.1209255159,0.126392439,0.08724839985,0.01292832755,0.2343900651,0.04961737618,0.04224503785,0.1293035597,0.1705913395,0.08966262639,0.1145946085,0.05012209341,0.05794066563,0.04008001834,0.07193890959,0.05511623621,0.017526187,0.01632597111,0.01665661484,0.08103969693,0.07774768025,0.07411883771,0.04632220417,0.02367764711,0.03152034059,0.2374308109,0.04096654803,0.0677581951,0.02515224181,0.01192624215,0.1009147018,0.05923973769,0.04194418341,0.07540588081,0.1253421009,0.05399097502,0.03514637053,0.03392893076,0.2027377635,0.07304015756,0.09832061082,0.1829122603,0.1162419096,0.04668743163,0.02733524144,0.0778260231,